{
  "energy": [0.016822487007592587, 0.012616859218330403, 1.0, 0.0, 0.0, 0.0, 0.0],
  "offset": [-0.005, -0.005, -0.005, -0.005, -0.005, -0.005, -0.005],
  "time": [0, 0, 0.916747, 1.70176, 2.35012, 3.06848, 3.49744]
}
