{
  "energy": [0.0, 0.42965276336098357, 1.0],
  "offset": [-0.005, -0.005, -0.005],
  "time": [0, 0.403929, 0.760454]
}
