{
  "energy": [0.0, 0.03260875060456791, 0.05434773042908548, 1.0, 0.9239129152560082, 0.0, 0.6956516610240328, 0.0, 0.7282604116286007, 0.4891295738617693, 0.5489132195294492],
  "offset": [-0.005, -0.005, -0.005, -0.005, -0.005, -0.005, -0.005, -0.005, -0.005, -0.005, -0.005],
  "time": [0.36664800000000003, 1.71247, 2.58322, 3.44733, 4.0693, 4.6149700000000005, 5.54957, 5.97333, 6.39941, 6.884720000000001, 7.20554]
}
