{
  "energy": [0.20731750870256654, 0.39024367186334713, 0.23780537762941456, 0.054878059028295685, 0.37195095050723825, 0.3658533767218687, 0.07317078038440449, 0.3841460980779775, 0.5365854427122176, 0.25000052520015376, 0.27438976994132463, 0.06707320659903489, 0.17682963977571853, 0.054878059028295685, 0.1585369184196097, 0.08536582291511295, 0.0, 0.21341508248793617, 0.2804873437266942, 0.39024367186334713, 0.2804873437266942, 0.5426830164975872, 0.22561023005867534, 0.31707278643891185, 0.3841460980779775, 0.6768296397757185, 0.09756097048585216, 0.1585369184196097, 0.23780537762941456, 0.1524393446342401, 1.0, 0.0, 0.07317078038440449, 0.0, 0.1341466232781313, 0.3841460980779775, 0.06707320659903489, 0.06707320659903489, 0.3597558029364991, 0.20121993491719695, 0.29268249129743346, 0.3780485242926079, 0.20121993491719695, 0.262195672770893, 0.06707320659903489, 0.2804873437266942, 0.23170780384404496, 0.1341466232781313, 0.1707320659903489, 0.14024419706350089, 0.0, 0.054878059028295685, 0.4207315407901951],
  "offset": [-0.005, -0.005, -0.005, -0.005, -0.005, -0.005, -0.005, -0.005, -0.005, -0.005, -0.005, -0.005, -0.005, -0.005, -0.005, -0.005, -0.005, -0.005, -0.005, -0.005, -0.005, -0.005, -0.005, -0.005, -0.005, -0.005, -0.005, -0.005, -0.005, -0.005, -0.005, -0.005, -0.005, -0.005, -0.005, -0.005, -0.005, -0.005, -0.005, -0.005, -0.005, -0.005, -0.005, -0.005, -0.005, -0.005, -0.005, -0.005, -0.005, -0.005, -0.005, -0.005, -0.005],
  "time": [0.19468000000000002, 0.992653, 1.7240799999999998, 2.50776, 3.1151500000000003, 3.94159, 4.6149700000000005, 5.37321, 6.12287, 6.85908, 7.6393699999999995, 8.30694, 9.06159, 9.72916, 10.556799999999999, 11.071200000000001, 11.6595, 12.2195, 12.895100000000001, 13.586799999999998, 14.2739, 14.9781, 15.7896, 16.49, 17.3123, 17.9606, 18.7675, 19.359599999999997, 20.1797, 20.8283, 21.7042, 22.479200000000002, 22.970299999999998, 23.7698, 24.0443, 24.868599999999997, 25.571, 26.3082, 27.000700000000002, 27.7366, 28.4967, 29.2052, 29.8037, 30.650299999999998, 31.352700000000002, 32.09, 32.8678, 33.5993, 34.3539, 34.944300000000005, 35.5256, 35.662099999999995, 36.4437]
}
